Name,Smiles,pKa,Error,Index,Center,Original_Smiles,Original_Index
euroSAMPL-01,o1c(-c2n(C)nc(c2)C([OH])=O)ccc1,3.61,0,9,O,o1cccc1-c1n(nc(c1)C(O)=O)C,11
euroSAMPL-01,[OH]C(c1nn(c(c1)-c1ccco1)C)=O,3.61,0,0,O,o1cccc1-c1n(nc(c1)C(O)=O)C,11
euroSAMPL-01,Cn1c(cc(n1)C(=O)[OH])-c1occc1,3.61,0,8,O,o1cccc1-c1n(nc(c1)C(O)=O)C,11
euroSAMPL-01,c1ccoc1-c1n(C)nc(C([OH])=O)c1,3.61,0,11,O,o1cccc1-c1n(nc(c1)C(O)=O)C,11
euroSAMPL-01,O=C(c1nn(c(-c2occc2)c1)C)[OH],3.61,0,13,O,o1cccc1-c1n(nc(c1)C(O)=O)C,11
euroSAMPL-02,C(n1cc(-c2ccccc2)ccc1=O)C([OH])=O,2.91,0,15,O,O=C1N(C=C(C=C1)c1ccccc1)CC(O)=O,15
euroSAMPL-02,n1(cc(ccc1=O)-c1ccccc1)CC(=O)[OH],2.91,0,16,O,O=C1N(C=C(C=C1)c1ccccc1)CC(O)=O,15
euroSAMPL-02,c1(ccccc1)-c1cn(CC([OH])=O)c(=O)cc1,2.91,0,11,O,O=C1N(C=C(C=C1)c1ccccc1)CC(O)=O,15
euroSAMPL-02,O=c1n(cc(cc1)-c1ccccc1)CC(=O)[OH],2.91,0,16,O,O=C1N(C=C(C=C1)c1ccccc1)CC(O)=O,15
euroSAMPL-02,c1c(-c2ccccc2)cn(c(c1)=O)CC(=O)[OH],2.91,0,16,O,O=C1N(C=C(C=C1)c1ccccc1)CC(O)=O,15
euroSAMPL-03,c1(-c2cccc[nH+]2)ccc(cc1)OC,5.02,0,6,N,O(C)c1ccc(cc1)-c1[nH+]cccc1,9
euroSAMPL-03,O(C)c1ccc(-c2cccc[nH+]2)cc1,5.02,0,11,N,O(C)c1ccc(cc1)-c1[nH+]cccc1,9
euroSAMPL-03,c1cc(OC)ccc1-c1cccc[nH+]1,5.02,0,13,N,O(C)c1ccc(cc1)-c1[nH+]cccc1,9
euroSAMPL-03,c1(OC)ccc(-c2[nH+]cccc2)cc1,5.02,0,7,N,O(C)c1ccc(cc1)-c1[nH+]cccc1,9
euroSAMPL-03,c1cc(-c2[nH+]cccc2)ccc1OC,5.02,0,4,N,O(C)c1ccc(cc1)-c1[nH+]cccc1,9
euroSAMPL-04,Nc1nc[nH+]c(C(C)(C)C)c1,6.1,0,4,N,[nH+]1cnc(N)cc1C(C)(C)C,0
euroSAMPL-04,[nH+]1cnc(N)cc1C(C)(C)C,6.1,0,0,N,[nH+]1cnc(N)cc1C(C)(C)C,0
euroSAMPL-04,C(C)(c1[nH+]cnc(N)c1)(C)C,6.1,0,3,N,[nH+]1cnc(N)cc1C(C)(C)C,0
euroSAMPL-04,n1c[nH+]c(cc1N)C(C)(C)C,6.1,0,2,N,[nH+]1cnc(N)cc1C(C)(C)C,0
euroSAMPL-04,CC(C)(C)c1cc(nc[nH+]1)N,6.1,0,9,N,[nH+]1cnc(N)cc1C(C)(C)C,0
euroSAMPL-05,c1c(C[NH2])ccc(c1)C(=O)N,8.99,0,3,N,O=C(N)c1ccc(cc1)CN,10
euroSAMPL-05,c1cc(C[NH2])ccc1C(N)=O,8.99,0,4,N,O=C(N)c1ccc(cc1)CN,10
euroSAMPL-05,c1cc(C(N)=O)ccc1C[NH2],8.99,0,10,N,O=C(N)c1ccc(cc1)CN,10
euroSAMPL-05,O=C(N)c1ccc(cc1)C[NH2],8.99,0,10,N,O=C(N)c1ccc(cc1)CN,10
euroSAMPL-05,c1cc(ccc1C(=O)N)C[NH2],8.99,0,10,N,O=C(N)c1ccc(cc1)CN,10
euroSAMPL-06,C1(N(C)c2ccc(C([OH])=O)cc2C1)=O,4.24,0,8,O,O=C1N(c2c(C1)cc(cc2)C(O)=O)C,11
euroSAMPL-06,c1cc2c(cc1C([OH])=O)CC(=O)N2C,4.24,0,7,O,O=C1N(c2c(C1)cc(cc2)C(O)=O)C,11
euroSAMPL-06,C1(=O)N(c2ccc(cc2C1)C(=O)[OH])C,4.24,0,12,O,O=C1N(c2c(C1)cc(cc2)C(O)=O)C,11
euroSAMPL-06,O=C1Cc2c(N1C)ccc(c2)C([OH])=O,4.24,0,12,O,O=C1N(c2c(C1)cc(cc2)C(O)=O)C,11
euroSAMPL-06,C1(=O)N(c2c(C1)cc(C([OH])=O)cc2)C,4.24,0,9,O,O=C1N(c2c(C1)cc(cc2)C(O)=O)C,11
euroSAMPL-07,s1cc(-c2ccc(C)cc2)[nH+]c1N,4.58,0,10,N,s1cc([nH+]c1N)-c1ccc(cc1)C,3
euroSAMPL-07,c1cc(-c2[nH+]c(sc2)N)ccc1C,4.58,0,4,N,s1cc([nH+]c1N)-c1ccc(cc1)C,3
euroSAMPL-07,c1c(ccc(c1)-c1[nH+]c(sc1)N)C,4.58,0,7,N,s1cc([nH+]c1N)-c1ccc(cc1)C,3
euroSAMPL-07,c1(-c2csc(N)[nH+]2)ccc(cc1)C,4.58,0,6,N,s1cc([nH+]c1N)-c1ccc(cc1)C,3
euroSAMPL-07,[nH+]1c(N)scc1-c1ccc(C)cc1,4.58,0,0,N,s1cc([nH+]c1N)-c1ccc(cc1)C,3
euroSAMPL-08,c1([OH])ccc(C(=O)NCc2ccccc2)cc1,8.5,0,1,O,Oc1ccc(cc1)C(=O)NCc1ccccc1,0
euroSAMPL-08,c1cc([OH])ccc1C(=O)NCc1ccccc1,8.5,0,3,O,Oc1ccc(cc1)C(=O)NCc1ccccc1,0
euroSAMPL-08,C(=O)(NCc1ccccc1)c1ccc(cc1)[OH],8.5,0,16,O,Oc1ccc(cc1)C(=O)NCc1ccccc1,0
euroSAMPL-08,c1ccccc1CNC(c1ccc(cc1)[OH])=O,8.5,0,15,O,Oc1ccc(cc1)C(=O)NCc1ccccc1,0
euroSAMPL-08,c1ccccc1CNC(c1ccc([OH])cc1)=O,8.5,0,13,O,Oc1ccc(cc1)C(=O)NCc1ccccc1,0
euroSAMPL-09,C1N(CCN(C1)C(C(C)(C)C)=O)c1ccc(C(=O)[OH])cc1,4.4,0,18,O,OC(=O)c1ccc(N2CCN(CC2)C(=O)C(C)(C)C)cc1,0
euroSAMPL-09,O=C(c1ccc(N2CCN(CC2)C(=O)C(C)(C)C)cc1)[OH],4.4,0,20,O,OC(=O)c1ccc(N2CCN(CC2)C(=O)C(C)(C)C)cc1,0
euroSAMPL-09,CC(C)(C(=O)N1CCN(CC1)c1ccc(cc1)C([OH])=O)C,4.4,0,18,O,OC(=O)c1ccc(N2CCN(CC2)C(=O)C(C)(C)C)cc1,0
euroSAMPL-09,C1CN(C(=O)C(C)(C)C)CCN1c1ccc(cc1)C(=O)[OH],4.4,0,20,O,OC(=O)c1ccc(N2CCN(CC2)C(=O)C(C)(C)C)cc1,0
euroSAMPL-09,N1(c2ccc(cc2)C(=O)[OH])CCN(C(C(C)(C)C)=O)CC1,4.4,0,9,O,OC(=O)c1ccc(N2CCN(CC2)C(=O)C(C)(C)C)cc1,0
euroSAMPL-10,c1(C(=O)[OH])cc(c(cc1OC)N)Cl,4.65,0,3,O,Clc1cc(C(O)=O)c(OC)cc1N,5
euroSAMPL-10,C(c1c(cc(c(c1)Cl)N)OC)([OH])=O,4.65,0,11,O,Clc1cc(C(O)=O)c(OC)cc1N,5
euroSAMPL-10,[OH]C(=O)c1c(OC)cc(N)c(Cl)c1,4.65,0,0,O,Clc1cc(C(O)=O)c(OC)cc1N,5
euroSAMPL-10,COc1c(cc(c(N)c1)Cl)C([OH])=O,4.65,0,11,O,Clc1cc(C(O)=O)c(OC)cc1N,5
euroSAMPL-10,c1c(c(Cl)cc(c1OC)C([OH])=O)N,4.65,0,10,O,Clc1cc(C(O)=O)c(OC)cc1N,5
euroSAMPL-11,O=C(c1[nH+]c2c(cc1)cccn2)O,3.73,0,3,O,OC(=O)c1[nH+]c2ncccc2cc1,4
euroSAMPL-11,c12c(cccn2)ccc(C(O)=O)[nH+]1,3.73,0,12,O,OC(=O)c1[nH+]c2ncccc2cc1,4
euroSAMPL-11,c12c(ccc([nH+]1)C(=O)O)cccn2,3.73,0,5,O,OC(=O)c1[nH+]c2ncccc2cc1,4
euroSAMPL-11,c1c2ccc(C(=O)O)[nH+]c2ncc1,3.73,0,8,O,OC(=O)c1[nH+]c2ncccc2cc1,4
euroSAMPL-11,c1c(C(O)=O)[nH+]c2ncccc2c1,3.73,0,5,O,OC(=O)c1[nH+]c2ncccc2cc1,4
euroSAMPL-12,CC(=O)Nc1[nH+]ccc(C(=O)O)c1,3.67,0,5,N,OC(=O)c1cc([nH+]cc1)NC(=O)C,6
euroSAMPL-12,C(C)(=O)Nc1[nH+]ccc(C(=O)O)c1,3.67,0,5,N,OC(=O)c1cc([nH+]cc1)NC(=O)C,6
euroSAMPL-12,N(c1[nH+]ccc(c1)C(O)=O)C(=O)C,3.67,0,2,N,OC(=O)c1cc([nH+]cc1)NC(=O)C,6
euroSAMPL-12,O=C(O)c1cc([nH+]cc1)NC(=O)C,3.67,0,6,N,OC(=O)c1cc([nH+]cc1)NC(=O)C,6
euroSAMPL-12,OC(=O)c1cc(NC(=O)C)[nH+]cc1,3.67,0,10,N,OC(=O)c1cc([nH+]cc1)NC(=O)C,6
euroSAMPL-13,c1(ccc(-c2nnco2)cc1)[OH],8.15,0,11,O,o1cnnc1-c1ccc(O)cc1,9
euroSAMPL-13,n1nc(-c2ccc([OH])cc2)oc1,8.15,0,7,O,o1cnnc1-c1ccc(O)cc1,9
euroSAMPL-13,[OH]c1ccc(-c2nnco2)cc1,8.15,0,0,O,o1cnnc1-c1ccc(O)cc1,9
euroSAMPL-13,o1c(-c2ccc(cc2)[OH])nnc1,8.15,0,8,O,o1cnnc1-c1ccc(O)cc1,9
euroSAMPL-13,c1cc(ccc1[OH])-c1ocnn1,8.15,0,6,O,o1cnnc1-c1ccc(O)cc1,9
euroSAMPL-14,[OH]c1ncnc(c1Br)C,7.41,0,0,N,Brc1c(ncnc1O)C,7
euroSAMPL-14,c1nc([OH])c(Br)c(C)n1,7.41,0,3,N,Brc1c(ncnc1O)C,7
euroSAMPL-14,c1(c(Br)c([OH])ncn1)C,7.41,0,4,N,Brc1c(ncnc1O)C,7
euroSAMPL-14,c1nc(C)c(c([OH])n1)Br,7.41,0,6,N,Brc1c(ncnc1O)C,7
euroSAMPL-14,c1(Br)c(ncnc1[OH])C,7.41,0,7,N,Brc1c(ncnc1O)C,7
euroSAMPL-15,s1c(C(C)=O)c(c2c1cccc2)[OH],5.18,0,12,O,s1c2c(cccc2)c(O)c1C(=O)C,8
euroSAMPL-15,c1(C(=O)C)sc2c(cccc2)c1[OH],5.18,0,12,O,s1c2c(cccc2)c(O)c1C(=O)C,8
euroSAMPL-15,c1c2c([OH])c(sc2ccc1)C(C)=O,5.18,0,3,O,s1c2c(cccc2)c(O)c1C(=O)C,8
euroSAMPL-15,[OH]c1c(C(C)=O)sc2ccccc21,5.18,0,0,O,s1c2c(cccc2)c(O)c1C(=O)C,8
euroSAMPL-15,c1([OH])c(sc2ccccc21)C(C)=O,5.18,0,1,O,s1c2c(cccc2)c(O)c1C(=O)C,8
euroSAMPL-16,O=C(Nc1cccc([OH])c1)CC(C)C,9.46,0,8,O,Oc1cc(NC(=O)CC(C)C)ccc1,0
euroSAMPL-16,c1(cc([OH])ccc1)NC(=O)CC(C)C,9.46,0,3,O,Oc1cc(NC(=O)CC(C)C)ccc1,0
euroSAMPL-16,c1c(NC(CC(C)C)=O)cc(cc1)[OH],9.46,0,13,O,Oc1cc(NC(=O)CC(C)C)ccc1,0
euroSAMPL-16,C(C)(C)CC(Nc1cc(ccc1)[OH])=O,9.46,0,12,O,Oc1cc(NC(=O)CC(C)C)ccc1,0
euroSAMPL-16,N(C(=O)CC(C)C)c1cc(ccc1)[OH],9.46,0,13,O,Oc1cc(NC(=O)CC(C)C)ccc1,0
euroSAMPL-17,c1n(-c2cc(ccc2)C([OH])=O)ccc1,3.79,0,9,O,OC(=O)c1cc(-n2cccc2)ccc1,0
euroSAMPL-17,c1c(C([OH])=O)cccc1-n1cccc1,3.79,0,3,O,OC(=O)c1cc(-n2cccc2)ccc1,0
euroSAMPL-17,c1cc(cc(C(=O)[OH])c1)-n1cccc1,3.79,0,7,O,OC(=O)c1cc(-n2cccc2)ccc1,0
euroSAMPL-17,C(=O)([OH])c1cc(ccc1)-n1cccc1,3.79,0,2,O,OC(=O)c1cc(-n2cccc2)ccc1,0
euroSAMPL-17,c1ccn(c1)-c1cccc(c1)C(=O)[OH],3.79,0,13,O,OC(=O)c1cc(-n2cccc2)ccc1,0
euroSAMPL-18,CCc1cc2c(s1)nc[nH]c2=O,8.96,0,9,N,s1c2N=CNC(=O)c2cc1CC,4
euroSAMPL-18,s1c(CC)cc2c1nc[nH]c2=O,8.96,0,9,N,s1c2N=CNC(=O)c2cc1CC,4
euroSAMPL-18,c12c(=O)[nH]cnc2sc(CC)c1,8.96,0,3,N,s1c2N=CNC(=O)c2cc1CC,4
euroSAMPL-18,c12c(c([nH]cn2)=O)cc(CC)s1,8.96,0,3,N,s1c2N=CNC(=O)c2cc1CC,4
euroSAMPL-18,C(c1cc2c([nH]cnc2s1)=O)C,8.96,0,5,N,s1c2N=CNC(=O)c2cc1CC,4
euroSAMPL-19,C(c1c(C)[nH+]c2n1cccc2)O,6.76,0,4,N,OCc1n2c([nH+]c1C)C=CC=C2,5
euroSAMPL-19,c1cccc2n1c(c([nH+]2)C)CO,6.76,0,8,N,OCc1n2c([nH+]c1C)C=CC=C2,5
euroSAMPL-19,c1(c([nH+]c2n1cccc2)C)CO,6.76,0,2,N,OCc1n2c([nH+]c1C)C=CC=C2,5
euroSAMPL-19,c1n2c([nH+]c(C)c2CO)ccc1,6.76,0,3,N,OCc1n2c([nH+]c1C)C=CC=C2,5
euroSAMPL-19,c12[nH+]c(C)c(CO)n2cccc1,6.76,0,1,N,OCc1n2c([nH+]c1C)C=CC=C2,5
euroSAMPL-20,[OH]C(c1cc2c(cc1)N(C(=O)C2(C)C)C)=O,4.24,0,0,O,O=C1N(c2c(cc(cc2)C(O)=O)C1(C)C)C,10
euroSAMPL-20,CC1(C)c2c(N(C)C1=O)ccc(C([OH])=O)c2,4.24,0,13,O,O=C1N(c2c(cc(cc2)C(O)=O)C1(C)C)C,10
euroSAMPL-20,c1c2N(C)C(C(C)(c2cc(C(=O)[OH])c1)C)=O,4.24,0,12,O,O=C1N(c2c(cc(cc2)C(O)=O)C1(C)C)C,10
euroSAMPL-20,O=C([OH])c1ccc2N(C)C(=O)C(C)(C)c2c1,4.24,0,2,O,O=C1N(c2c(cc(cc2)C(O)=O)C1(C)C)C,10
euroSAMPL-20,c1(C([OH])=O)cc2c(cc1)N(C)C(=O)C2(C)C,4.24,0,2,O,O=C1N(c2c(cc(cc2)C(O)=O)C1(C)C)C,10
euroSAMPL-21,CC(C)(c1nn2c(cc(C3CC3)nc2c1)C(=O)[OH])C,3.05,0,17,O,OC(=O)C=1n2nc(cc2N=C(C=1)C1CC1)C(C)(C)C,0
euroSAMPL-21,O=C([OH])c1n2nc(cc2nc(C2CC2)c1)C(C)(C)C,3.05,0,2,O,OC(=O)C=1n2nc(cc2N=C(C=1)C1CC1)C(C)(C)C,0
euroSAMPL-21,c12cc(C(C)(C)C)nn2c(C(=O)[OH])cc(n1)C1CC1,3.05,0,12,O,OC(=O)C=1n2nc(cc2N=C(C=1)C1CC1)C(C)(C)C,0
euroSAMPL-21,CC(C)(c1nn2c(cc(C3CC3)nc2c1)C([OH])=O)C,3.05,0,16,O,OC(=O)C=1n2nc(cc2N=C(C=1)C1CC1)C(C)(C)C,0
euroSAMPL-21,CC(C)(c1cc2nc(cc(n2n1)C([OH])=O)C1CC1)C,3.05,0,13,O,OC(=O)C=1n2nc(cc2N=C(C=1)C1CC1)C(C)(C)C,0
euroSAMPL-22,c1cccc(c1C(=O)N(C)C)[OH],8.93,0,11,O,Oc1ccccc1C(=O)N(C)C,0
euroSAMPL-22,[OH]c1ccccc1C(N(C)C)=O,8.93,0,0,O,Oc1ccccc1C(=O)N(C)C,0
euroSAMPL-22,O=C(c1ccccc1[OH])N(C)C,8.93,0,8,O,Oc1ccccc1C(=O)N(C)C,0
euroSAMPL-22,[OH]c1c(C(=O)N(C)C)cccc1,8.93,0,0,O,Oc1ccccc1C(=O)N(C)C,0
euroSAMPL-22,c1ccc(C(N(C)C)=O)c([OH])c1,8.93,0,10,O,Oc1ccccc1C(=O)N(C)C,0
euroSAMPL-23,c1(c[nH+]c(nc1C)CC)C(=O)O,3.16,0,2,N,OC(=O)c1c[nH+]c(nc1C)CC,5
euroSAMPL-23,c1(CC)[nH+]cc(c(C)n1)C(O)=O,3.16,0,3,N,OC(=O)c1c[nH+]c(nc1C)CC,5
euroSAMPL-23,CCc1[nH+]cc(C(=O)O)c(C)n1,3.16,0,3,N,OC(=O)c1c[nH+]c(nc1C)CC,5
euroSAMPL-23,c1(C(=O)O)c(nc([nH+]c1)CC)C,3.16,0,7,N,OC(=O)c1c[nH+]c(nc1C)CC,5
euroSAMPL-23,c1(nc([nH+]cc1C(O)=O)CC)C,3.16,0,3,N,OC(=O)c1c[nH+]c(nc1C)CC,5
euroSAMPL-24,C1OCCN(C1)c1cc(C)[nH+]c2c1cccc2,7.63,0,10,N,O1CCN(CC1)c1cc([nH+]c2c1cccc2)C,9
euroSAMPL-24,C1COCCN1c1cc([nH+]c2ccccc12)C,7.63,0,9,N,O1CCN(CC1)c1cc([nH+]c2c1cccc2)C,9
euroSAMPL-24,[nH+]1c2ccccc2c(cc1C)N1CCOCC1,7.63,0,0,N,O1CCN(CC1)c1cc([nH+]c2c1cccc2)C,9
euroSAMPL-24,C1CN(c2c3ccccc3[nH+]c(c2)C)CCO1,7.63,0,10,N,O1CCN(CC1)c1cc([nH+]c2c1cccc2)C,9
euroSAMPL-24,[nH+]1c2c(cccc2)c(N2CCOCC2)cc1C,7.63,0,0,N,O1CCN(CC1)c1cc([nH+]c2c1cccc2)C,9
euroSAMPL-25,c1[nH+]c2cc(c(cc2n1CCC(N)=O)C)C,5.75,0,1,N,O=C(N)CCn1c2cc(C)c(cc2[nH+]c1)C,13
euroSAMPL-25,c1c(c(cc2n(c[nH+]c21)CCC(N)=O)C)C,5.75,0,7,N,O=C(N)CCn1c2cc(C)c(cc2[nH+]c1)C,13
euroSAMPL-25,Cc1cc2[nH+]cn(c2cc1C)CCC(=O)N,5.75,0,4,N,O=C(N)CCn1c2cc(C)c(cc2[nH+]c1)C,13
euroSAMPL-25,n1(CCC(N)=O)c2cc(C)c(C)cc2[nH+]c1,5.75,0,14,N,O=C(N)CCn1c2cc(C)c(cc2[nH+]c1)C,13
euroSAMPL-25,c12n(c[nH+]c2cc(C)c(c1)C)CCC(=O)N,5.75,0,3,N,O=C(N)CCn1c2cc(C)c(cc2[nH+]c1)C,13
euroSAMPL-26,c1nc2ccc(cc2c([nH]1)=O)F,9.24,0,9,N,Fc1cc2c(N=CNC2=O)cc1,7
euroSAMPL-26,[nH]1cnc2c(c1=O)cc(cc2)F,9.24,0,0,N,Fc1cc2c(N=CNC2=O)cc1,7
euroSAMPL-26,c12ccc(F)cc2c([nH]cn1)=O,9.24,0,8,N,Fc1cc2c(N=CNC2=O)cc1,7
euroSAMPL-26,c1cc(cc2c1nc[nH]c2=O)F,9.24,0,8,N,Fc1cc2c(N=CNC2=O)cc1,7
euroSAMPL-26,c1(F)cc2c(cc1)nc[nH]c2=O,9.24,0,9,N,Fc1cc2c(N=CNC2=O)cc1,7
euroSAMPL-27,c1c(-c2ccc(C(N)=O)cc2)[nH+]ccc1,4.47,0,11,N,O=C(N)c1ccc(cc1)-c1[nH+]cccc1,10
euroSAMPL-27,c1c(-c2cccc[nH+]2)ccc(c1)C(N)=O,4.47,0,7,N,O=C(N)c1ccc(cc1)-c1[nH+]cccc1,10
euroSAMPL-27,c1(ccc(cc1)-c1[nH+]cccc1)C(=O)N,4.47,0,7,N,O=C(N)c1ccc(cc1)-c1[nH+]cccc1,10
euroSAMPL-27,c1ccc(-c2ccc(C(=O)N)cc2)[nH+]c1,4.47,0,13,N,O=C(N)c1ccc(cc1)-c1[nH+]cccc1,10
euroSAMPL-27,[nH+]1ccccc1-c1ccc(C(=O)N)cc1,4.47,0,0,N,O=C(N)c1ccc(cc1)-c1[nH+]cccc1,10
euroSAMPL-28,c1(n(C)ccn1)-c1ccc[nH+]c1,5.95,0,10,N,n1ccn(C)c1-c1ccc[nH+]c1,10
euroSAMPL-28,c1c(ccc[nH+]1)-c1nccn1C,5.95,0,5,N,n1ccn(C)c1-c1ccc[nH+]c1,10
euroSAMPL-28,c1cc(c[nH+]c1)-c1n(C)ccn1,5.95,0,4,N,n1ccn(C)c1-c1ccc[nH+]c1,10
euroSAMPL-28,c1cn(C)c(-c2ccc[nH+]c2)n1,5.95,0,9,N,n1ccn(C)c1-c1ccc[nH+]c1,10
euroSAMPL-28,c1(-c2n(ccn2)C)ccc[nH+]c1,5.95,0,10,N,n1ccn(C)c1-c1ccc[nH+]c1,10
euroSAMPL-29,C1(c2c(nnn2-c2ccc(cc2)C)C(=O)[OH])CC1,3.28,0,15,O,OC(=O)c1nnn(c1C1CC1)-c1ccc(cc1)C,0
euroSAMPL-29,c1(ccc(cc1)C)-n1c(c(C(=O)[OH])nn1)C1CC1,3.28,0,12,O,OC(=O)c1nnn(c1C1CC1)-c1ccc(cc1)C,0
euroSAMPL-29,Cc1ccc(cc1)-n1c(c(C(=O)[OH])nn1)C1CC1,3.28,0,12,O,OC(=O)c1nnn(c1C1CC1)-c1ccc(cc1)C,0
euroSAMPL-29,O=C(c1c(n(-c2ccc(C)cc2)nn1)C1CC1)[OH],3.28,0,17,O,OC(=O)c1nnn(c1C1CC1)-c1ccc(cc1)C,0
euroSAMPL-29,n1(-c2ccc(C)cc2)c(c(C(=O)[OH])nn1)C1CC1,3.28,0,12,O,OC(=O)c1nnn(c1C1CC1)-c1ccc(cc1)C,0
euroSAMPL-30,c12cc(c([OH])cc1cccc2)C(NCCO)=O,7.89,0,4,O,Oc1cc2c(cc1C(=O)NCCO)cccc2,0
euroSAMPL-30,c1c2ccccc2cc(C(=O)NCCO)c1[OH],7.89,0,16,O,Oc1cc2c(cc1C(=O)NCCO)cccc2,0
euroSAMPL-30,c1([OH])c(C(=O)NCCO)cc2c(cccc2)c1,7.89,0,1,O,Oc1cc2c(cc1C(=O)NCCO)cccc2,0
euroSAMPL-30,c1(cc2ccccc2cc1C(NCCO)=O)[OH],7.89,0,16,O,Oc1cc2c(cc1C(=O)NCCO)cccc2,0
euroSAMPL-30,c1cccc2cc(C(=O)NCCO)c(cc21)[OH],7.89,0,16,O,Oc1cc2c(cc1C(=O)NCCO)cccc2,0
euroSAMPL-31,c1cc2N(C(COc2cc1)=O)CC([OH])=O,2.87,0,13,O,O1CC(=O)N(c2c1cccc2)CC(O)=O,13
euroSAMPL-31,O=C1COc2ccccc2N1CC(=O)[OH],2.87,0,14,O,O1CC(=O)N(c2c1cccc2)CC(O)=O,13
euroSAMPL-31,N1(c2c(OCC1=O)cccc2)CC([OH])=O,2.87,0,13,O,O1CC(=O)N(c2c1cccc2)CC(O)=O,13
euroSAMPL-31,[OH]C(CN1C(=O)COc2ccccc12)=O,2.87,0,0,O,O1CC(=O)N(c2c1cccc2)CC(O)=O,13
euroSAMPL-31,c12c(cccc1)N(C(=O)CO2)CC([OH])=O,2.87,0,13,O,O1CC(=O)N(c2c1cccc2)CC(O)=O,13
euroSAMPL-32,c1(C(=O)N2CC[NH+](CC2)C)cc(on1)-c1ccccc1,6.64,0,6,N,o1nc(cc1-c1ccccc1)C(=O)N1CC[NH+](CC1)C,16
euroSAMPL-32,[NH+]1(CCN(C(=O)c2cc(on2)-c2ccccc2)CC1)C,6.64,0,0,N,o1nc(cc1-c1ccccc1)C(=O)N1CC[NH+](CC1)C,16
euroSAMPL-32,c1cc(-c2onc(c2)C(=O)N2CC[NH+](CC2)C)ccc1,6.64,0,13,N,o1nc(cc1-c1ccccc1)C(=O)N1CC[NH+](CC1)C,16
euroSAMPL-32,o1c(cc(C(N2CC[NH+](C)CC2)=O)n1)-c1ccccc1,6.64,0,8,N,o1nc(cc1-c1ccccc1)C(=O)N1CC[NH+](CC1)C,16
euroSAMPL-32,c1ccc(-c2cc(no2)C(=O)N2CC[NH+](CC2)C)cc1,6.64,0,14,N,o1nc(cc1-c1ccccc1)C(=O)N1CC[NH+](CC1)C,16
euroSAMPL-33,C1CC[NH+]2C(=CN=C12)c1sccc1,6.79,0,3,N,s1cccc1-c1[nH+]2CCCc2nc1,6
euroSAMPL-33,C1=C([NH+]2CCCC2=N1)c1cccs1,6.79,0,2,N,s1cccc1-c1[nH+]2CCCc2nc1,6
euroSAMPL-33,c1(cccs1)C1=CN=C2[NH+]1CCC2,6.79,0,9,N,s1cccc1-c1[nH+]2CCCc2nc1,6
euroSAMPL-33,C1CCC2=NC=C([NH+]12)c1cccs1,6.79,0,7,N,s1cccc1-c1[nH+]2CCCc2nc1,6
euroSAMPL-33,c1c(scc1)C1[NH+]2C(=NC=1)CCC2,6.79,0,6,N,s1cccc1-c1[nH+]2CCCc2nc1,6
euroSAMPL-34,c1(CSC)ccc(C([OH])=O)cc1,4.04,0,8,O,S(Cc1ccc(cc1)C(O)=O)C,9
euroSAMPL-34,c1(CSC)ccc(C(=O)[OH])cc1,4.04,0,9,O,S(Cc1ccc(cc1)C(O)=O)C,9
euroSAMPL-34,O=C([OH])c1ccc(cc1)CSC,4.04,0,2,O,S(Cc1ccc(cc1)C(O)=O)C,9
euroSAMPL-34,C(c1ccc(cc1)C([OH])=O)SC,4.04,0,8,O,S(Cc1ccc(cc1)C(O)=O)C,9
euroSAMPL-34,c1cc(ccc1C([OH])=O)CSC,4.04,0,7,O,S(Cc1ccc(cc1)C(O)=O)C,9
euroSAMPL-35,c1c(ccc([nH+]1)N)-c1ccccc1,6.3,0,5,N,[nH+]1cc(ccc1N)-c1ccccc1,0
euroSAMPL-35,Nc1ccc(-c2ccccc2)c[nH+]1,6.3,0,12,N,[nH+]1cc(ccc1N)-c1ccccc1,0
euroSAMPL-35,c1cccc(c1)-c1ccc(N)[nH+]c1,6.3,0,11,N,[nH+]1cc(ccc1N)-c1ccccc1,0
euroSAMPL-35,c1c([nH+]cc(c1)-c1ccccc1)N,6.3,0,2,N,[nH+]1cc(ccc1N)-c1ccccc1,0
euroSAMPL-35,c1ccccc1-c1c[nH+]c(cc1)N,6.3,0,8,N,[nH+]1cc(ccc1N)-c1ccccc1,0
