Smiles,Name,pKa,Error,Index,Center,Original_Smiles,Original_Index
c1c([NH2+]c2cc(ccc2)C(F)(F)F)c(ccc1)C(=O)O,SAMPL8-1-A,2.54,0.0,2,N,OC(=O)c1ccccc1[NH2+]c1cccc(c1)C(F)(F)F,9
c1ccc([NH2+]c2c(cccc2)C(O)=O)cc1C(F)(F)F,SAMPL8-1-A,2.54,0.0,4,N,OC(=O)c1ccccc1[NH2+]c1cccc(c1)C(F)(F)F,9
c1c([NH2+]c2c(C(O)=O)cccc2)cccc1C(F)(F)F,SAMPL8-1-A,2.54,0.0,2,N,OC(=O)c1ccccc1[NH2+]c1cccc(c1)C(F)(F)F,9
c1c(cc(cc1)C(F)(F)F)[NH2+]c1c(cccc1)C(=O)O,SAMPL8-1-A,2.54,0.0,10,N,OC(=O)c1ccccc1[NH2+]c1cccc(c1)C(F)(F)F,9
FC(F)(F)c1cccc([NH2+]c2c(C(O)=O)cccc2)c1,SAMPL8-1-A,2.54,0.0,9,N,OC(=O)c1ccccc1[NH2+]c1cccc(c1)C(F)(F)F,9
c1ccc(C([OH])=O)c(Nc2cccc(C(F)(F)F)c2)c1,SAMPL8-1-B,5.01,0.19,5,O,OC(=O)c1ccccc1Nc1cccc(c1)C(F)(F)F,0
c1(c(Nc2cc(ccc2)C(F)(F)F)cccc1)C([OH])=O,SAMPL8-1-B,5.01,0.19,18,O,OC(=O)c1ccccc1Nc1cccc(c1)C(F)(F)F,0
c1c(cc(Nc2c(C([OH])=O)cccc2)cc1)C(F)(F)F,SAMPL8-1-B,5.01,0.19,8,O,OC(=O)c1ccccc1Nc1cccc(c1)C(F)(F)F,0
c1c(C(F)(F)F)cccc1Nc1ccccc1C(=O)[OH],SAMPL8-1-B,5.01,0.19,19,O,OC(=O)c1ccccc1Nc1cccc(c1)C(F)(F)F,0
c1c(cccc1C(F)(F)F)Nc1ccccc1C(=O)[OH],SAMPL8-1-B,5.01,0.19,19,O,OC(=O)c1ccccc1Nc1cccc(c1)C(F)(F)F,0
c1cc(S(=O)(C)=O)ccc1CCC(=O)[OH],SAMPL8-2,4.41,0.02,14,O,CS(=O)(=O)c1ccc(CCC(O)=O)cc1,11
O=C(CCc1ccc(cc1)S(=O)(=O)C)[OH],SAMPL8-2,4.41,0.02,14,O,CS(=O)(=O)c1ccc(CCC(O)=O)cc1,11
c1cc(CCC([OH])=O)ccc1S(=O)(=O)C,SAMPL8-2,4.41,0.02,6,O,CS(=O)(=O)c1ccc(CCC(O)=O)cc1,11
C([OH])(=O)CCc1ccc(S(C)(=O)=O)cc1,SAMPL8-2,4.41,0.02,1,O,CS(=O)(=O)c1ccc(CCC(O)=O)cc1,11
c1(ccc(S(C)(=O)=O)cc1)CCC(=O)[OH],SAMPL8-2,4.41,0.02,14,O,CS(=O)(=O)c1ccc(CCC(O)=O)cc1,11
c1(S(N)(=O)=O)c(Cl)cc(c(C([OH])=O)c1)NCc1occc1,SAMPL8-3,4.0,0.31,11,O,[NH2]S(=O)(=O)c1cc(C([OH])=O)c([NH]Cc2ccco2)cc1Cl,8
N(Cc1ccco1)c1cc(c(S(=O)(=O)N)cc1C([OH])=O)Cl,SAMPL8-3,4.0,0.31,18,O,[NH2]S(=O)(=O)c1cc(C([OH])=O)c([NH]Cc2ccco2)cc1Cl,8
c1(S(=O)(=O)N)cc(C([OH])=O)c(NCc2ccco2)cc1Cl,SAMPL8-3,4.0,0.31,8,O,[NH2]S(=O)(=O)c1cc(C([OH])=O)c([NH]Cc2ccco2)cc1Cl,8
c1c(occ1)CNc1cc(Cl)c(S(=O)(=O)N)cc1C([OH])=O,SAMPL8-3,4.0,0.31,19,O,[NH2]S(=O)(=O)c1cc(C([OH])=O)c([NH]Cc2ccco2)cc1Cl,8
c1coc(c1)CNc1c(cc(S(=O)(=O)N)c(c1)Cl)C([OH])=O,SAMPL8-3,4.0,0.31,19,O,[NH2]S(=O)(=O)c1cc(C([OH])=O)c([NH]Cc2ccco2)cc1Cl,8
c1(ccc(C#N)c(c1)Cl)Nc1sc(c(C(=O)[O-])[nH+]1)C,SAMPL8-4,5.77,0.17,17,N,Cc1sc([NH]c2ccc(C#N)c(Cl)c2)[nH+]c1C([O-])=O,14
c1(C#N)c(Cl)cc(Nc2sc(c([nH+]2)C(=O)[O-])C)cc1,SAMPL8-4,5.77,0.17,12,N,Cc1sc([NH]c2ccc(C#N)c(Cl)c2)[nH+]c1C([O-])=O,14
N#Cc1c(Cl)cc(Nc2sc(c(C([O-])=O)[nH+]2)C)cc1,SAMPL8-4,5.77,0.17,15,N,Cc1sc([NH]c2ccc(C#N)c(Cl)c2)[nH+]c1C([O-])=O,14
O=C([O-])c1c(sc(Nc2cc(Cl)c(C#N)cc2)[nH+]1)C,SAMPL8-4,5.77,0.17,17,N,Cc1sc([NH]c2ccc(C#N)c(Cl)c2)[nH+]c1C([O-])=O,14
c1c(Nc2sc(c(C([O-])=O)[nH+]2)C)ccc(c1Cl)C#N,SAMPL8-4,5.77,0.17,10,N,Cc1sc([NH]c2ccc(C#N)c(Cl)c2)[nH+]c1C([O-])=O,14
c1(c(cccc1Cl)Cl)Nc1ccccc1CC([OH])=O,SAMPL8-5,3.92,0.16,17,O,[OH]C(=O)Cc1ccccc1[NH]c1c(Cl)cccc1Cl,0
c1(CC([OH])=O)c(Nc2c(cccc2Cl)Cl)cccc1,SAMPL8-5,3.92,0.16,3,O,[OH]C(=O)Cc1ccccc1[NH]c1c(Cl)cccc1Cl,0
c1cc(Nc2c(cccc2Cl)Cl)c(CC(=O)[OH])cc1,SAMPL8-5,3.92,0.16,16,O,[OH]C(=O)Cc1ccccc1[NH]c1c(Cl)cccc1Cl,0
c1ccc(Cl)c(Nc2c(CC([OH])=O)cccc2)c1Cl,SAMPL8-5,3.92,0.16,11,O,[OH]C(=O)Cc1ccccc1[NH]c1c(Cl)cccc1Cl,0
c1c(c(ccc1)Nc1c(Cl)cccc1Cl)CC([OH])=O,SAMPL8-5,3.92,0.16,17,O,[OH]C(=O)Cc1ccccc1[NH]c1c(Cl)cccc1Cl,0
N(c1cc(ccc1C)Cl)Cc1sc(cc1)C([OH])=O,SAMPL8-6,4.17,0.09,16,O,Cc1ccc(Cl)cc1NCc1ccc(s1)C(O)=O,16
O=C(c1ccc(CNc2cc(Cl)ccc2C)s1)[OH],SAMPL8-6,4.17,0.09,17,O,Cc1ccc(Cl)cc1NCc1ccc(s1)C(O)=O,16
Cc1ccc(cc1NCc1sc(cc1)C(=O)[OH])Cl,SAMPL8-6,4.17,0.09,16,O,Cc1ccc(Cl)cc1NCc1ccc(s1)C(O)=O,16
c1c(Cl)cc(NCc2ccc(C(=O)[OH])s2)c(c1)C,SAMPL8-6,4.17,0.09,13,O,Cc1ccc(Cl)cc1NCc1ccc(s1)C(O)=O,16
c1cc(cc(c1C)NCc1ccc(C([OH])=O)s1)Cl,SAMPL8-6,4.17,0.09,14,O,Cc1ccc(Cl)cc1NCc1ccc(s1)C(O)=O,16
Nc1[nH+]c2c(cc(cc2)Br)n1CC1(CCOCC1)O,SAMPL8-7,6.63,0.04,2,N,[NH2]c1[nH+]c2ccc(Br)cc2n1CC1([OH])CCOCC1,2
C1COCCC1(Cn1c(N)[nH+]c2ccc(cc21)Br)O,SAMPL8-7,6.63,0.04,10,N,[NH2]c1[nH+]c2ccc(Br)cc2n1CC1([OH])CCOCC1,2
C(n1c([nH+]c2ccc(cc12)Br)N)C1(CCOCC1)O,SAMPL8-7,6.63,0.04,3,N,[NH2]c1[nH+]c2ccc(Br)cc2n1CC1([OH])CCOCC1,2
[nH+]1c(n(c2cc(Br)ccc21)CC1(CCOCC1)O)N,SAMPL8-7,6.63,0.04,0,N,[NH2]c1[nH+]c2ccc(Br)cc2n1CC1([OH])CCOCC1,2
C1(CCOCC1)(O)Cn1c([nH+]c2c1cc(cc2)Br)N,SAMPL8-7,6.63,0.04,10,N,[NH2]c1[nH+]c2ccc(Br)cc2n1CC1([OH])CCOCC1,2
c1([nH+]c2n(cccc2C(F)(F)F)c1)C(=O)OC,SAMPL8-8,2.78,0.08,1,N,COC(=O)c1cn2cccc(c2[nH+]1)C(F)(F)F,12
O=C(OC)c1[nH+]c2n(cccc2C(F)(F)F)c1,SAMPL8-8,2.78,0.08,5,N,COC(=O)c1cn2cccc(c2[nH+]1)C(F)(F)F,12
c1c([nH+]c2c(cccn12)C(F)(F)F)C(=O)OC,SAMPL8-8,2.78,0.08,2,N,COC(=O)c1cn2cccc(c2[nH+]1)C(F)(F)F,12
c1c(C(F)(F)F)c2n(cc([nH+]2)C(OC)=O)cc1,SAMPL8-8,2.78,0.08,10,N,COC(=O)c1cn2cccc(c2[nH+]1)C(F)(F)F,12
c12[nH+]c(C(OC)=O)cn1cccc2C(F)(F)F,SAMPL8-8,2.78,0.08,1,N,COC(=O)c1cn2cccc(c2[nH+]1)C(F)(F)F,12
c1c(Br)cc2n(CC3(O)CCCCC3)c(N)[nH+]c2c1,SAMPL8-9,6.08,0.1,16,N,[NH2]c1[nH+]c2ccc(Br)cc2n1CC1([OH])CCCCC1,2
C1CCCC(Cn2c(N)[nH+]c3ccc(cc32)Br)(O)C1,SAMPL8-9,6.08,0.1,9,N,[NH2]c1[nH+]c2ccc(Br)cc2n1CC1([OH])CCCCC1,2
c1(N)[nH+]c2ccc(Br)cc2n1CC1(O)CCCCC1,SAMPL8-9,6.08,0.1,2,N,[NH2]c1[nH+]c2ccc(Br)cc2n1CC1([OH])CCCCC1,2
c12c([nH+]c(N)n2CC2(CCCCC2)O)ccc(c1)Br,SAMPL8-9,6.08,0.1,2,N,[NH2]c1[nH+]c2ccc(Br)cc2n1CC1([OH])CCCCC1,2
C(n1c2c(ccc(Br)c2)[nH+]c1N)C1(CCCCC1)O,SAMPL8-9,6.08,0.1,9,N,[NH2]c1[nH+]c2ccc(Br)cc2n1CC1([OH])CCCCC1,2
c1(Cl)cccc(F)c1C[NH2+]Cc1ccc(cc1)-c1cc(S(C)(=O)=O)ccc1,SAMPL8-10,7.71,0.15,9,N,CS(=O)(=O)c1cccc(c1)c1ccc(C[NH2+]Cc2c(F)cccc2Cl)cc1,15
c1cc(S(=O)(C)=O)cc(c1)-c1ccc(cc1)C[NH2+]Cc1c(cccc1Cl)F,SAMPL8-10,7.71,0.15,17,N,CS(=O)(=O)c1cccc(c1)c1ccc(C[NH2+]Cc2c(F)cccc2Cl)cc1,15
[NH2+](Cc1ccc(cc1)-c1cccc(c1)S(C)(=O)=O)Cc1c(F)cccc1Cl,SAMPL8-10,7.71,0.15,0,N,CS(=O)(=O)c1cccc(c1)c1ccc(C[NH2+]Cc2c(F)cccc2Cl)cc1,15
c1(Cl)cccc(c1C[NH2+]Cc1ccc(cc1)-c1cccc(c1)S(=O)(C)=O)F,SAMPL8-10,7.71,0.15,8,N,CS(=O)(=O)c1cccc(c1)c1ccc(C[NH2+]Cc2c(F)cccc2Cl)cc1,15
c1(c(C[NH2+]Cc2ccc(-c3cc(S(=O)(C)=O)ccc3)cc2)c(F)ccc1)Cl,SAMPL8-10,7.71,0.15,3,N,CS(=O)(=O)c1cccc(c1)c1ccc(C[NH2+]Cc2c(F)cccc2Cl)cc1,15
C1COCCN1c1nc(N)[nH+]cc1Cc1ccc(cc1)C,SAMPL8-12,6.98,0.06,10,N,Cc1ccc(Cc2c[nH+]c([NH2])nc2N2CCOCC2)cc1,8
c1cc(C)ccc1Cc1c(N2CCOCC2)nc(N)[nH+]c1,SAMPL8-12,6.98,0.06,19,N,Cc1ccc(Cc2c[nH+]c([NH2])nc2N2CCOCC2)cc1,8
Cc1ccc(Cc2c[nH+]c(nc2N2CCOCC2)N)cc1,SAMPL8-12,6.98,0.06,8,N,Cc1ccc(Cc2c[nH+]c([NH2])nc2N2CCOCC2)cc1,8
N1(c2c(c[nH+]c(n2)N)Cc2ccc(C)cc2)CCOCC1,SAMPL8-12,6.98,0.06,4,N,Cc1ccc(Cc2c[nH+]c([NH2])nc2N2CCOCC2)cc1,8
C(c1ccc(cc1)C)c1c[nH+]c(nc1N1CCOCC1)N,SAMPL8-12,6.98,0.06,10,N,Cc1ccc(Cc2c[nH+]c([NH2])nc2N2CCOCC2)cc1,8
c1(C)c(O)c(cc(Cc2c(nc(N)[nH+]c2)N)c1)C(C)(C)C,SAMPL8-14,7.27,0.08,13,N,Cc1cc(Cc2c[nH+]c([NH2])nc2[NH2])cc(c1[OH])C(C)(C)C,7
Oc1c(C)cc(cc1C(C)(C)C)Cc1c[nH+]c(N)nc1N,SAMPL8-14,7.27,0.08,15,N,Cc1cc(Cc2c[nH+]c([NH2])nc2[NH2])cc(c1[OH])C(C)(C)C,7
CC(c1c(O)c(C)cc(c1)Cc1c(nc(N)[nH+]c1)N)(C)C,SAMPL8-14,7.27,0.08,16,N,Cc1cc(Cc2c[nH+]c([NH2])nc2[NH2])cc(c1[OH])C(C)(C)C,7
c1(c(O)c(C(C)(C)C)cc(Cc2c[nH+]c(nc2N)N)c1)C,SAMPL8-14,7.27,0.08,13,N,Cc1cc(Cc2c[nH+]c([NH2])nc2[NH2])cc(c1[OH])C(C)(C)C,7
c1(N)nc(N)c(c[nH+]1)Cc1cc(C)c(O)c(C(C)(C)C)c1,SAMPL8-14,7.27,0.08,7,N,Cc1cc(Cc2c[nH+]c([NH2])nc2[NH2])cc(c1[OH])C(C)(C)C,7
c1ccc(c(C)c1)Nc1c2ccccc2nc(Cl)[nH+]1,SAMPL8-15,2.54,0.03,18,N,Cc1ccccc1[NH]c1[nH+]c(Cl)nc2ccccc12,9
c1(C)c(Nc2[nH+]c(nc3c2cccc3)Cl)cccc1,SAMPL8-15,2.54,0.03,5,N,Cc1ccccc1[NH]c1[nH+]c(Cl)nc2ccccc12,9
c1ccc(Nc2[nH+]c(nc3c2cccc3)Cl)c(c1)C,SAMPL8-15,2.54,0.03,6,N,Cc1ccccc1[NH]c1[nH+]c(Cl)nc2ccccc12,9
c1([nH+]c(c2ccccc2n1)Nc1ccccc1C)Cl,SAMPL8-15,2.54,0.03,1,N,Cc1ccccc1[NH]c1[nH+]c(Cl)nc2ccccc12,9
Clc1[nH+]c(c2ccccc2n1)Nc1ccccc1C,SAMPL8-15,2.54,0.03,2,N,Cc1ccccc1[NH]c1[nH+]c(Cl)nc2ccccc12,9
C(C)(C)(C)OC(=O)NCc1[nH+]c2ccccc2[nH]1,SAMPL8-16,5.1,0.1,10,N,CC(C)(C)OC(=O)[NH]Cc1[nH+]c2ccccc2[nH]1,10
c1ccc2c(c1)[nH]c(CNC(OC(C)(C)C)=O)[nH+]2,SAMPL8-16,5.1,0.1,17,N,CC(C)(C)OC(=O)[NH]Cc1[nH+]c2ccccc2[nH]1,10
[nH]1c(CNC(=O)OC(C)(C)C)[nH+]c2c1cccc2,SAMPL8-16,5.1,0.1,11,N,CC(C)(C)OC(=O)[NH]Cc1[nH+]c2ccccc2[nH]1,10
c1([nH]c2ccccc2[nH+]1)CNC(OC(C)(C)C)=O,SAMPL8-16,5.1,0.1,8,N,CC(C)(C)OC(=O)[NH]Cc1[nH+]c2ccccc2[nH]1,10
c1c2[nH]c(CNC(OC(C)(C)C)=O)[nH+]c2ccc1,SAMPL8-16,5.1,0.1,13,N,CC(C)(C)OC(=O)[NH]Cc1[nH+]c2ccccc2[nH]1,10
Nc1[nH+]c2ccc(cc2n1CC1(CCOCC1)CO)Br,SAMPL8-17,6.58,0.05,2,N,[NH2]c1[nH+]c2ccc(Br)cc2n1CC1(C[OH])CCOCC1,2
C1CC(CO)(Cn2c([nH+]c3c2cc(cc3)Br)N)CCO1,SAMPL8-17,6.58,0.05,8,N,[NH2]c1[nH+]c2ccc(Br)cc2n1CC1(C[OH])CCOCC1,2
C1COCCC1(Cn1c2c([nH+]c1N)ccc(Br)c2)CO,SAMPL8-17,6.58,0.05,10,N,[NH2]c1[nH+]c2ccc(Br)cc2n1CC1(C[OH])CCOCC1,2
Nc1n(c2c(ccc(c2)Br)[nH+]1)CC1(CCOCC1)CO,SAMPL8-17,6.58,0.05,10,N,[NH2]c1[nH+]c2ccc(Br)cc2n1CC1(C[OH])CCOCC1,2
c12n(CC3(CO)CCOCC3)c([nH+]c2ccc(Br)c1)N,SAMPL8-17,6.58,0.05,12,N,[NH2]c1[nH+]c2ccc(Br)cc2n1CC1(C[OH])CCOCC1,2
COc1c(cc(Nc2nc(Cl)[nH+]c3c2cccc3)cc1)OC,SAMPL8-18,2.72,0.09,11,N,COc1ccc([NH]c2nc(Cl)[nH+]c3ccccc23)cc1OC,11
c1c2c(nc([nH+]c2ccc1)Cl)Nc1ccc(c(OC)c1)OC,SAMPL8-18,2.72,0.09,5,N,COc1ccc([NH]c2nc(Cl)[nH+]c3ccccc23)cc1OC,11
O(c1c(OC)ccc(Nc2c3ccccc3[nH+]c(Cl)n2)c1)C,SAMPL8-18,2.72,0.09,16,N,COc1ccc([NH]c2nc(Cl)[nH+]c3ccccc23)cc1OC,11
c1(c2ccccc2[nH+]c(Cl)n1)Nc1ccc(OC)c(c1)OC,SAMPL8-18,2.72,0.09,7,N,COc1ccc([NH]c2nc(Cl)[nH+]c3ccccc23)cc1OC,11
c1(nc(Cl)[nH+]c2ccccc21)Nc1ccc(c(c1)OC)OC,SAMPL8-18,2.72,0.09,4,N,COc1ccc([NH]c2nc(Cl)[nH+]c3ccccc23)cc1OC,11
c1nc(OC)ncc1Cc1c(=O)nc([nH]c1)SCc1n(c2ccccc2[nH+]1)C,SAMPL8-19-A,4.93,0.24,26,N,COc1ncc(Cc2c[nH]c(SCc3[nH+]c4ccccc4n3C)nc2=O)cn1,14
n1cc(Cc2c[nH]c(SCc3[nH+]c4ccccc4n3C)nc2=O)cnc1OC,SAMPL8-19-A,4.93,0.24,11,N,COc1ncc(Cc2c[nH]c(SCc3[nH+]c4ccccc4n3C)nc2=O)cn1,14
n1c(OC)ncc(Cc2c[nH]c(nc2=O)SCc2n(C)c3ccccc3[nH+]2)c1,SAMPL8-19-A,4.93,0.24,26,N,COc1ncc(Cc2c[nH]c(SCc3[nH+]c4ccccc4n3C)nc2=O)cn1,14
COc1ncc(Cc2c[nH]c(SCc3[nH+]c4c(cccc4)n3C)nc2=O)cn1,SAMPL8-19-A,4.93,0.24,14,N,COc1ncc(Cc2c[nH]c(SCc3[nH+]c4ccccc4n3C)nc2=O)cn1,14
c1(ncc(Cc2c(nc([nH]c2)SCc2[nH+]c3ccccc3n2C)=O)cn1)OC,SAMPL8-19-A,4.93,0.24,14,N,COc1ncc(Cc2c[nH]c(SCc3[nH+]c4ccccc4n3C)nc2=O)cn1,14
n1c(ncc(Cc2c[nH]c(SCc3n(c4c(cccc4)n3)C)nc2=O)c1)OC,SAMPL8-19-B,6.99,0.22,8,N,COc1ncc(Cc2c[nH]c(SCc3nc4ccccc4n3C)nc2=O)cn1,9
c12c(n(C)c(CSc3[nH]cc(c(n3)=O)Cc3cnc(OC)nc3)n2)cccc1,SAMPL8-19-B,6.99,0.22,8,N,COc1ncc(Cc2c[nH]c(SCc3nc4ccccc4n3C)nc2=O)cn1,9
n1c(ncc(Cc2c(nc([nH]c2)SCc2n(c3c(n2)cccc3)C)=O)c1)OC,SAMPL8-19-B,6.99,0.22,10,N,COc1ncc(Cc2c[nH]c(SCc3nc4ccccc4n3C)nc2=O)cn1,9
c1cc2n(C)c(CSc3nc(c(Cc4cnc(nc4)OC)c[nH]3)=O)nc2cc1,SAMPL8-19-B,6.99,0.22,22,N,COc1ncc(Cc2c[nH]c(SCc3nc4ccccc4n3C)nc2=O)cn1,9
c1(Cc2c[nH]c(nc2=O)SCc2nc3c(cccc3)n2C)cnc(OC)nc1,SAMPL8-19-B,6.99,0.22,4,N,COc1ncc(Cc2c[nH]c(SCc3nc4ccccc4n3C)nc2=O)cn1,9
c1cc(-c2c(cc3c([nH+]2)[nH]nc3N)Cl)ccc1,SAMPL8-20-A,2.44,0.1,8,N,[NH2]c1n[nH]c2[nH+]c(c(Cl)cc12)c1ccccc1,5
c12c(N)n[nH]c1[nH+]c(-c1ccccc1)c(Cl)c2,SAMPL8-20-A,2.44,0.1,6,N,[NH2]c1n[nH]c2[nH+]c(c(Cl)cc12)c1ccccc1,5
c1c2c([nH+]c(-c3ccccc3)c1Cl)[nH]nc2N,SAMPL8-20-A,2.44,0.1,3,N,[NH2]c1n[nH]c2[nH+]c(c(Cl)cc12)c1ccccc1,5
c1ccccc1-c1c(cc2c(N)n[nH]c2[nH+]1)Cl,SAMPL8-20-A,2.44,0.1,15,N,[NH2]c1n[nH]c2[nH+]c(c(Cl)cc12)c1ccccc1,5
n1[nH]c2[nH+]c(-c3ccccc3)c(Cl)cc2c1N,SAMPL8-20-A,2.44,0.1,3,N,[NH2]c1n[nH]c2[nH+]c(c(Cl)cc12)c1ccccc1,5
c1(c(Cl)cc2c(N)n[nH]c2n1)-c1ccccc1,SAMPL8-20-B,11.44,0.16,8,N,Nc1n[nH]c2nc(c(Cl)cc12)-c1ccccc1,3
c1(ccccc1)-c1c(Cl)cc2c(n[nH]c2n1)N,SAMPL8-20-B,11.44,0.16,13,N,Nc1n[nH]c2nc(c(Cl)cc12)-c1ccccc1,3
c1ccccc1-c1c(cc2c(n1)[nH]nc2N)Cl,SAMPL8-20-B,11.44,0.16,12,N,Nc1n[nH]c2nc(c(Cl)cc12)-c1ccccc1,3
c1ccccc1-c1nc2c(cc1Cl)c(n[nH]2)N,SAMPL8-20-B,11.44,0.16,15,N,Nc1n[nH]c2nc(c(Cl)cc12)-c1ccccc1,3
n1c2[nH]nc(c2cc(c1-c1ccccc1)Cl)N,SAMPL8-20-B,11.44,0.16,2,N,Nc1n[nH]c2nc(c(Cl)cc12)-c1ccccc1,3
Nc1[nH+]c(N)c(Cc2cc(c(c(OC)c2)O)OC)c(OC)n1,SAMPL8-21,5.38,0.24,2,N,COc1cc(Cc2c([NH2])[nH+]c([NH2])nc2OC)cc(OC)c1[OH],9
COc1c(O)c(OC)cc(c1)Cc1c(N)[nH+]c(N)nc1OC,SAMPL8-21,5.38,0.24,15,N,COc1cc(Cc2c([NH2])[nH+]c([NH2])nc2OC)cc(OC)c1[OH],9
Oc1c(OC)cc(Cc2c(OC)nc(N)[nH+]c2N)cc1OC,SAMPL8-21,5.38,0.24,15,N,COc1cc(Cc2c([NH2])[nH+]c([NH2])nc2OC)cc(OC)c1[OH],9
C(c1cc(OC)c(c(OC)c1)O)c1c([nH+]c(nc1OC)N)N,SAMPL8-21,5.38,0.24,14,N,COc1cc(Cc2c([NH2])[nH+]c([NH2])nc2OC)cc(OC)c1[OH],9
COc1c(c(cc(c1)Cc1c(nc([nH+]c1N)N)OC)OC)O,SAMPL8-21,5.38,0.24,13,N,COc1cc(Cc2c([NH2])[nH+]c([NH2])nc2OC)cc(OC)c1[OH],9
c1(Cl)[nH+]c2c(c(N)n1)cc(c(c2)OC)OC,SAMPL8-22,3.36,0.09,2,N,COc1cc2[nH+]c(Cl)nc([NH2])c2cc1OC,5
c1(Cl)nc(c2cc(OC)c(OC)cc2[nH+]1)N,SAMPL8-22,3.36,0.09,14,N,COc1cc2[nH+]c(Cl)nc([NH2])c2cc1OC,5
c1(OC)cc2[nH+]c(Cl)nc(c2cc1OC)N,SAMPL8-22,3.36,0.09,5,N,COc1cc2[nH+]c(Cl)nc([NH2])c2cc1OC,5
COc1c(OC)cc2c(c1)c(N)nc(Cl)[nH+]2,SAMPL8-22,3.36,0.09,15,N,COc1cc2[nH+]c(Cl)nc([NH2])c2cc1OC,5
c1(Cl)[nH+]c2cc(OC)c(cc2c(N)n1)OC,SAMPL8-22,3.36,0.09,2,N,COc1cc2[nH+]c(Cl)nc([NH2])c2cc1OC,5
Cc1[nH+]c2cc(ccc2s1)O,SAMPL8-23-A,2.65,0.05,2,N,Cc1[nH+]c2cc([OH])ccc2s1,2
c1(C)sc2ccc(O)cc2[nH+]1,SAMPL8-23-A,2.65,0.05,10,N,Cc1[nH+]c2cc([OH])ccc2s1,2
c1c(cc2c(c1)sc(C)[nH+]2)O,SAMPL8-23-A,2.65,0.05,9,N,Cc1[nH+]c2cc([OH])ccc2s1,2
Cc1[nH+]c2c(ccc(c2)O)s1,SAMPL8-23-A,2.65,0.05,2,N,Cc1[nH+]c2cc([OH])ccc2s1,2
s1c2ccc(O)cc2[nH+]c1C,SAMPL8-23-A,2.65,0.05,8,N,Cc1[nH+]c2cc([OH])ccc2s1,2
c1c([OH])ccc2sc(nc21)C,SAMPL8-23-B,9.02,0.03,2,O,Cc1nc2cc([OH])ccc2s1,6
[OH]c1ccc2c(nc(s2)C)c1,SAMPL8-23-B,9.02,0.03,0,O,Cc1nc2cc([OH])ccc2s1,6
Cc1sc2c(cc([OH])cc2)n1,SAMPL8-23-B,9.02,0.03,7,O,Cc1nc2cc([OH])ccc2s1,6
[OH]c1ccc2c(c1)nc(C)s2,SAMPL8-23-B,9.02,0.03,0,O,Cc1nc2cc([OH])ccc2s1,6
s1c2ccc(cc2nc1C)[OH],SAMPL8-23-B,9.02,0.03,10,O,Cc1nc2cc([OH])ccc2s1,6
